<?xml version="1.0" encoding="UTF-8"?>
<project-private xmlns="http://www.netbeans.org/ns/project-private/1">
    <editor-bookmarks xmlns="http://www.netbeans.org/ns/editor-bookmarks/2" lastBookmarkId="0"/>
    <open-files xmlns="http://www.netbeans.org/ns/projectui-open-files/2">
        <group>
            <file>file:/Users/diegomarquezgomez/Desktop/UAA/4%20SEMESTRE%20/PROGRAMACIÓN%20III/Proyecto_final_prueba/src/proyecto_final_prueba/SinLimite.java</file>
            <file>file:/Users/diegomarquezgomez/Desktop/UAA/4%20SEMESTRE%20/PROGRAMACIÓN%20III/Proyecto_final_prueba/src/proyecto_final_prueba/Velocidad.java</file>
            <file>file:/Users/diegomarquezgomez/Desktop/UAA/4%20SEMESTRE%20/PROGRAMACIÓN%20III/Proyecto_final_prueba/src/proyecto_final_prueba/Zen.java</file>
            <file>file:/Users/diegomarquezgomez/Desktop/UAA/4%20SEMESTRE%20/PROGRAMACIÓN%20III/Proyecto_final_prueba/src/proyecto_final_prueba/Patrones.java</file>
            <file>file:/Users/diegomarquezgomez/Desktop/UAA/4%20SEMESTRE%20/PROGRAMACIÓN%20III/Proyecto_final_prueba/src/proyecto_final_prueba/main.java</file>
        </group>
    </open-files>
</project-private>
