<?xml version="1.0" encoding="UTF-8"?>
<project-private xmlns="http://www.netbeans.org/ns/project-private/1">
    <editor-bookmarks xmlns="http://www.netbeans.org/ns/editor-bookmarks/2" lastBookmarkId="0"/>
    <open-files xmlns="http://www.netbeans.org/ns/projectui-open-files/2">
        <group>
            <file>file:/Users/diegomarquezgomez/Desktop/UAA/4%20SEMESTRE%20/PROGRAMACIÓN%20III/VEHICULOSS/src/vehiculoss/NAUTICOS.java</file>
            <file>file:/Users/diegomarquezgomez/Desktop/UAA/4%20SEMESTRE%20/PROGRAMACIÓN%20III/VEHICULOSS/src/vehiculoss/VEHICULOS.java</file>
            <file>file:/Users/diegomarquezgomez/Desktop/UAA/4%20SEMESTRE%20/PROGRAMACIÓN%20III/VEHICULOSS/src/vehiculoss/TERRESTRE.java</file>
            <file>file:/Users/diegomarquezgomez/Desktop/UAA/4%20SEMESTRE%20/PROGRAMACIÓN%20III/VEHICULOSS/src/vehiculoss/BELICOS.java</file>
            <file>file:/Users/diegomarquezgomez/Desktop/UAA/4%20SEMESTRE%20/PROGRAMACIÓN%20III/VEHICULOSS/src/vehiculoss/AEREOS.java</file>
            <file>file:/Users/diegomarquezgomez/Desktop/UAA/4%20SEMESTRE%20/PROGRAMACIÓN%20III/VEHICULOSS/src/vehiculoss/TRANSPORTE_MAIN.java</file>
            <file>file:/Users/diegomarquezgomez/Desktop/UAA/4%20SEMESTRE%20/PROGRAMACIÓN%20III/VEHICULOSS/src/vehiculoss/HIDROAVION.java</file>
            <file>file:/Users/diegomarquezgomez/Desktop/UAA/4%20SEMESTRE%20/PROGRAMACIÓN%20III/VEHICULOSS/src/vehiculoss/FLOTADORES.java</file>
            <file>file:/Users/diegomarquezgomez/Desktop/UAA/4%20SEMESTRE%20/PROGRAMACIÓN%20III/VEHICULOSS/src/vehiculoss/ANFIBIO.java</file>
        </group>
    </open-files>
</project-private>
